url,file,category,treatment,parent,location,status,indexable,primary_intent,secondary_intents,title,title_len,h1,meta_description,desc_len,canonical,robots,schema,breadcrumb_visible,breadcrumb_schema,links_in_contextual,links_in_nav_footer,links_out_contextual,links_out_nav_footer,words_main,in_sitemap,duplication_risk,orphan_status
https://www.kezza.co.in/404.html,404.html,,,,,utility,no,,,Page not found | Kezza Hair & Skin Clinic,41,This page is not available,,0,,noindex,,,,0,0,4,0,32,no,none found,linked
https://www.kezza.co.in/about.html,about.html,,About & Doctors,,,published,yes,kezza clinic doctors,dr ankit bhalothia; kezza clinic founder,"About Kezza Clinic | Our Doctors in Jaipur, Sikar & Ajmer",57,A Legacy of Excellence in Hair & Skin Restoration,"Meet the surgeons, skin specialists and PMU artist at Kezza Hair & Skin Clinic, founded by Pawan Bhalothia, with clinics in Jaipur, Sikar and Ajmer.",148,https://www.kezza.co.in/about.html,"index, follow, max-image-preview:large, max-snippet:-1, max-video-preview:-1","AboutPage, BreadcrumbList, MedicalClinic, MedicalOrganization, Person, WebSite",,Home > About,29,43,3,23,1668,yes,none found,linked
https://www.kezza.co.in/acne-scar-treatment/,acne-scar-treatment/index.html,Skin,Acne Scar Treatment,,"jaipur, sikar",review,no,acne scar treatment in jaipur,pimple marks removal; subcision; mnrf for acne scars; fractional co2 laser,Acne Scar Treatment in Jaipur | Kezza Clinic,44,"Acne Scar Treatment in Jaipur | Subcision, MNRF & Laser","Acne scar treatment at Kezza Clinic, Jaipur and Sikar: scar types, subcision, microneedling RF, fractional laser and peels, sessions, downtime and aftercare.",157,https://www.kezza.co.in/acne-scar-treatment/,"noindex, follow","BreadcrumbList, FAQPage, MedicalOrganization, MedicalProcedure, MedicalWebPage, WebSite",Home > Skin Services > Acne Scar Treatment,Home > Skin Services > Acne Scar Treatment,0,0,7,27,2017,no,none found,linked
https://www.kezza.co.in/acne-treatment/,acne-treatment/index.html,Skin,Acne Treatment,,"jaipur, sikar",review,no,acne treatment in jaipur,pimple treatment jaipur; chemical peel for acne; hormonal acne treatment,Acne Treatment in Jaipur | Kezza Clinic,39,Acne Treatment in Jaipur | Doctor-Led Care for Pimples,"Acne treatment at Kezza Clinic, Jaipur and Sikar: doctor-led care for pimples with creams, tablets and peels, how long it takes and how to prevent scars.",153,https://www.kezza.co.in/acne-treatment/,"noindex, follow","BreadcrumbList, FAQPage, MedicalOrganization, MedicalTherapy, MedicalWebPage, WebSite",Home > Skin Services > Acne Treatment,Home > Skin Services > Acne Treatment,0,0,8,27,1728,no,none found,linked
https://www.kezza.co.in/admin.html,admin.html,,,,,utility,no,,,Admin Dashboard | Kezza Hair & Skin Clinic,42,Patient Records,,0,,"noindex,nofollow",,,,0,0,0,0,69,no,none found,linked
https://www.kezza.co.in/blog/acne-scars-treatment-options/,blog/acne-scars-treatment-options/index.html,Skin,Acne scar treatment options,,,published,yes,acne scar treatment options,laser for acne scars jaipur; subcision and mnrf for scars,"Acne Scar Treatments: Types, Lasers & Peels | Kezza",51,"Acne Scar Treatment Options: Types, Lasers & Peels","Compare clinical treatments for rolling, boxcar, and ice-pick acne scars: MNRF, fractional CO2 lasers, subcision, and TCA cross peels.",134,https://www.kezza.co.in/blog/acne-scars-treatment-options/,"index, follow, max-image-preview:large, max-snippet:-1, max-video-preview:-1","BlogPosting, BreadcrumbList, FAQPage, MedicalOrganization, WebPage, WebSite","Home > Blog > Acne Scar Treatment Options: Types, Lasers & Peels","Home > Blog > Acne Scar Treatment Options: Types, Lasers & Peels",7,0,13,27,1268,yes,none found,linked
https://www.kezza.co.in/blog/body-sculpting-vs-weight-loss/,blog/body-sculpting-vs-weight-loss/index.html,Weight Loss,Body sculpting vs weight loss,,,published,yes,body sculpting vs weight loss key differences,fat reduction vs weight loss; subcutaneous vs visceral fat,Body Sculpting vs Weight Loss: Key Differences | Kezza,54,Body Sculpting vs Weight Loss: Key Differences,"Understand why non-surgical body contouring is for localized fat reduction, not obesity management. Candidate criteria and clinical goals.",138,https://www.kezza.co.in/blog/body-sculpting-vs-weight-loss/,"index, follow, max-image-preview:large, max-snippet:-1, max-video-preview:-1","BlogPosting, BreadcrumbList, FAQPage, MedicalOrganization, WebPage, WebSite",Home > Blog > Body Sculpting vs Weight Loss: Key Differences,Home > Blog > Body Sculpting vs Weight Loss: Key Differences,2,0,12,27,1233,yes,none found,linked
https://www.kezza.co.in/blog/chemical-peels-vs-laser-toning/,blog/chemical-peels-vs-laser-toning/index.html,Skin,Chemical peels vs laser toning,,,published,yes,chemical peels vs laser toning for pigmentation,laser toning vs chemical peel; best treatment for melasma,Chemical Peels vs Laser Toning: For Pigment | Kezza,51,Chemical Peels vs Laser Toning: For Pigmentation,"Compare chemical peels and Q-switched laser toning for melasma, sun tanning, and hyperpigmentation. Depth, downtime, and skin tone safety.",138,https://www.kezza.co.in/blog/chemical-peels-vs-laser-toning/,"index, follow, max-image-preview:large, max-snippet:-1, max-video-preview:-1","BlogPosting, BreadcrumbList, FAQPage, MedicalOrganization, WebPage, WebSite",Home > Blog > Chemical Peels vs Laser Toning: For Pigmentation,Home > Blog > Chemical Peels vs Laser Toning: For Pigmentation,2,0,12,27,1161,yes,none found,linked
https://www.kezza.co.in/blog/cryolipolysis-fat-freezing-guide/,blog/cryolipolysis-fat-freezing-guide/index.html,Weight Loss,Cryolipolysis fat freezing guide,,,published,yes,cryolipolysis fat freezing how it works,fat freezing jaipur; cryolipolysis results timeline,Cryolipolysis Fat Freezing: How It Works | Kezza,48,Cryolipolysis Fat Freezing: How It Works & Results,"How non-surgical cryolipolysis (fat freezing) targets stubborn fat pockets without surgery. Process, safety, session timeline, and limits.",138,https://www.kezza.co.in/blog/cryolipolysis-fat-freezing-guide/,"index, follow, max-image-preview:large, max-snippet:-1, max-video-preview:-1","BlogPosting, BreadcrumbList, FAQPage, MedicalOrganization, WebPage, WebSite",Home > Blog > Cryolipolysis Fat Freezing: How It Works & Results,Home > Blog > Cryolipolysis Fat Freezing: How It Works & Results,3,0,13,27,1198,yes,none found,linked
https://www.kezza.co.in/blog/fue-vs-dhi-hair-transplant/,blog/fue-vs-dhi-hair-transplant/index.html,Hair,FUE vs DHI,,,published,yes,fue vs dhi,which hair transplant is better,FUE vs DHI Hair Transplant: Which Is Right for You? | Kezza,59,FUE vs DHI Hair Transplant: Which Is Right for You?,"FUE and DHI take grafts the same way; they differ in how grafts are implanted. Compare density, shaving, session size and recovery, and who each suits.",151,https://www.kezza.co.in/blog/fue-vs-dhi-hair-transplant/,"index, follow, max-image-preview:large, max-snippet:-1, max-video-preview:-1","BlogPosting, BreadcrumbList, FAQPage, MedicalOrganization, WebPage, WebSite",Home > Blog > FUE vs DHI Hair Transplant: Which Is Right for You?,Home > Blog > FUE vs DHI Hair Transplant: Which Is Right for You?,12,0,16,27,1668,yes,none found,linked
https://www.kezza.co.in/blog/hair-transplant-cost-jaipur/,blog/hair-transplant-cost-jaipur/index.html,Hair,Hair transplant cost,,,published,yes,hair transplant cost in jaipur,hair transplant price per graft,Hair Transplant Cost in Jaipur: What Sets the Price | Kezza,59,Hair Transplant Cost in Jaipur: What Determines the Price,"What decides the cost of a hair transplant in Jaipur: graft count, technique, donor supply, sessions and aftercare, and how to compare quotes safely.",149,https://www.kezza.co.in/blog/hair-transplant-cost-jaipur/,"index, follow, max-image-preview:large, max-snippet:-1, max-video-preview:-1","BlogPosting, BreadcrumbList, FAQPage, MedicalOrganization, WebPage, WebSite",Home > Blog > Hair Transplant Cost in Jaipur: What Determines the Price,Home > Blog > Hair Transplant Cost in Jaipur: What Determines the Price,10,0,16,27,1421,yes,none found,linked
https://www.kezza.co.in/blog/hair-transplant-recovery-timeline/,blog/hair-transplant-recovery-timeline/index.html,Hair,Hair transplant recovery timeline,,,published,yes,hair transplant recovery timeline,hair transplant day by day; shock loss timeline,Hair Transplant Recovery: Day 1 to Month 12 | Kezza,51,Hair Transplant Recovery Timeline: Day 1 to Month 12,"A stage-by-stage recovery timeline after hair transplant surgery: swelling, shedding, shock loss, dormancy, and final growth milestones.",136,https://www.kezza.co.in/blog/hair-transplant-recovery-timeline/,"index, follow, max-image-preview:large, max-snippet:-1, max-video-preview:-1","BlogPosting, BreadcrumbList, FAQPage, MedicalOrganization, WebPage, WebSite",Home > Blog > Hair Transplant Recovery Timeline: Day 1 to Month 12,Home > Blog > Hair Transplant Recovery Timeline: Day 1 to Month 12,2,0,15,27,1521,yes,none found,linked
https://www.kezza.co.in/blog/how-many-grafts-hair-transplant/,blog/how-many-grafts-hair-transplant/index.html,Hair,How many grafts hair transplant,,,published,yes,how many grafts for hair transplant,graft calculator hair transplant; hair transplant graft count,How Many Grafts for a Hair Transplant? | Kezza,46,How Many Grafts Do You Need for a Hair Transplant?,"Estimate follicular graft counts by Norwood stage, hairline design, and donor density. Clinical guide from Kezza Hair & Skin Clinic doctors.",140,https://www.kezza.co.in/blog/how-many-grafts-hair-transplant/,"index, follow, max-image-preview:large, max-snippet:-1, max-video-preview:-1","BlogPosting, BreadcrumbList, FAQPage, MedicalOrganization, WebPage, WebSite",Home > Blog > How Many Grafts Do You Need for a Hair Transplant?,Home > Blog > How Many Grafts Do You Need for a Hair Transplant?,3,0,15,27,1387,yes,none found,linked
https://www.kezza.co.in/blog/how-many-prp-sessions/,blog/how-many-prp-sessions/index.html,Hair,How many PRP sessions,,,published,yes,how many prp sessions for hair,prp results timeline,How Many PRP Sessions Do You Need for Hair Loss? | Kezza,56,How Many PRP Sessions Do You Need for Hair Loss?,"Most people start with 3 to 4 PRP sessions about a month apart, then maintenance every 3 to 6 months. What changes the number, and when to expect results.",154,https://www.kezza.co.in/blog/how-many-prp-sessions/,"index, follow, max-image-preview:large, max-snippet:-1, max-video-preview:-1","BlogPosting, BreadcrumbList, FAQPage, MedicalOrganization, WebPage, WebSite",Home > Blog > How Many PRP Sessions Do You Need for Hair Loss?,Home > Blog > How Many PRP Sessions Do You Need for Hair Loss?,8,0,14,27,1210,yes,none found,linked
https://www.kezza.co.in/blog/hydrafacial-benefits-process/,blog/hydrafacial-benefits-process/index.html,Skin,HydraFacial treatment benefits,,,published,yes,hydrafacial treatment benefits and steps,medical hydrafacial jaipur; hydrafacial vs salon facial,"HydraFacial: Steps, Benefits & Suitability | Kezza",50,"HydraFacial Treatment: Steps, Benefits & Suitability","What happens during a medical-grade HydraFacial? Discover the 3-step vortex cleansing, extraction, serum infusion, and candidate guidelines.",140,https://www.kezza.co.in/blog/hydrafacial-benefits-process/,"index, follow, max-image-preview:large, max-snippet:-1, max-video-preview:-1","BlogPosting, BreadcrumbList, FAQPage, MedicalOrganization, WebPage, WebSite","Home > Blog > HydraFacial Treatment: Steps, Benefits & Suitability","Home > Blog > HydraFacial Treatment: Steps, Benefits & Suitability",8,0,12,27,1177,yes,none found,linked
https://www.kezza.co.in/blog/,blog/index.html,,Blog,,,published,yes,hair and skin guides,,Hair & Skin Blog: Guides From Kezza Clinic Doctors,50,Hair & Skin Answers From Our Doctors,"Doctor-reviewed clinical guides on hair transplants, PRP therapy, acne scars, laser hair removal, cryolipolysis, and permanent makeup from Kezza Clinic.",152,https://www.kezza.co.in/blog/,"index, follow, max-image-preview:large, max-snippet:-1, max-video-preview:-1","Blog, BreadcrumbList, CollectionPage, FAQPage, MedicalOrganization, WebSite",Home > Blog,Home > Blog,16,43,19,26,1016,yes,none found,linked
https://www.kezza.co.in/blog/laser-hair-removal-how-it-works/,blog/laser-hair-removal-how-it-works/index.html,Skin,Laser hair removal how it works,,,published,yes,laser hair removal how it works and sessions,laser hair removal sessions needed; diode laser hair removal,Laser Hair Removal: How It Works & Sessions | Kezza,51,Laser Hair Removal: How It Works & Sessions Needed,"How diode and Alexandrite lasers target hair follicles during the anagen growth phase. Session intervals, skin suitability, and results.",136,https://www.kezza.co.in/blog/laser-hair-removal-how-it-works/,"index, follow, max-image-preview:large, max-snippet:-1, max-video-preview:-1","BlogPosting, BreadcrumbList, FAQPage, MedicalOrganization, WebPage, WebSite",Home > Blog > Laser Hair Removal: How It Works & Sessions Needed,Home > Blog > Laser Hair Removal: How It Works & Sessions Needed,3,0,15,27,1308,yes,none found,linked
https://www.kezza.co.in/blog/lip-blush-treatment-guide/,blog/lip-blush-treatment-guide/index.html,Permanent Makeup,Lip blush treatment guide,,,published,yes,lip blush treatment procedure and healing,dark lip neutralization jaipur; lip blushing healing stages,"Lip Blush: Procedure, Healing & Results | Kezza",47,"Lip Blush Treatment: Procedure, Healing & Results","Everything about semi-permanent lip blush: dark lip neutralization, pigment selection, healing stages, longevity, and aftercare rules.",134,https://www.kezza.co.in/blog/lip-blush-treatment-guide/,"index, follow, max-image-preview:large, max-snippet:-1, max-video-preview:-1","BlogPosting, BreadcrumbList, FAQPage, MedicalOrganization, WebPage, WebSite","Home > Blog > Lip Blush Treatment: Procedure, Healing & Results","Home > Blog > Lip Blush Treatment: Procedure, Healing & Results",2,0,14,27,1253,yes,none found,linked
https://www.kezza.co.in/blog/microblading-vs-powder-brows/,blog/microblading-vs-powder-brows/index.html,Permanent Makeup,Microblading vs powder brows,,,published,yes,microblading vs powder brows differences,powder brows for oily skin; microblading jaipur,Microblading vs Powder Brows: Which Suits You? | Kezza,54,Microblading vs Powder Brows: Technique & Skin Type,"Compare hair-stroke microblading with shaded powder brows. Discover which technique suits oily skin, longevity, healing, and touch-ups.",135,https://www.kezza.co.in/blog/microblading-vs-powder-brows/,"index, follow, max-image-preview:large, max-snippet:-1, max-video-preview:-1","BlogPosting, BreadcrumbList, FAQPage, MedicalOrganization, WebPage, WebSite",Home > Blog > Microblading vs Powder Brows: Technique & Skin Type,Home > Blog > Microblading vs Powder Brows: Technique & Skin Type,3,0,13,27,1340,yes,none found,linked
https://www.kezza.co.in/blog/norwood-scale-explained/,blog/norwood-scale-explained/index.html,Hair,Norwood scale,,,published,yes,norwood scale,hair loss stages,Norwood Scale Explained: 7 Stages of Male Hair Loss | Kezza,59,The Norwood Scale Explained: 7 Stages of Male Pattern Hair Loss,"What each Norwood stage looks like, how doctors use the scale, and which treatments are usually considered at each stage of male pattern hair loss.",147,https://www.kezza.co.in/blog/norwood-scale-explained/,"index, follow, max-image-preview:large, max-snippet:-1, max-video-preview:-1","BlogPosting, BreadcrumbList, FAQPage, MedicalOrganization, WebPage, WebSite",Home > Blog > The Norwood Scale Explained: 7 Stages of Male Pattern Hair Loss,Home > Blog > The Norwood Scale Explained: 7 Stages of Male Pattern Hair Loss,9,0,18,27,1555,yes,none found,linked
https://www.kezza.co.in/blog/prp-vs-gfc-therapy/,blog/prp-vs-gfc-therapy/index.html,Hair,PRP vs GFC,,,published,yes,prp vs gfc,gfc or prp which is better,PRP vs GFC for Hair Loss: A Clinical Comparison | Kezza,55,PRP vs GFC Therapy for Hair Loss: A Clinical Comparison,"PRP and GFC both use growth factors from your own blood to treat thinning hair. How they differ in preparation, comfort, sessions and evidence.",143,https://www.kezza.co.in/blog/prp-vs-gfc-therapy/,"index, follow, max-image-preview:large, max-snippet:-1, max-video-preview:-1","BlogPosting, BreadcrumbList, FAQPage, MedicalOrganization, WebPage, WebSite",Home > Blog > PRP vs GFC Therapy for Hair Loss: A Clinical Comparison,Home > Blog > PRP vs GFC Therapy for Hair Loss: A Clinical Comparison,8,0,14,27,1431,yes,none found,linked
https://www.kezza.co.in/blog/why-laser-cant-remove-white-hair/,blog/why-laser-cant-remove-white-hair/index.html,Hair,Why laser can't remove white hair,,,published,yes,can laser remove white hair,white hair removal options,"Why Laser Can't Remove White Hair, and What Does | Kezza",56,"Why Laser Can't Remove White Hair, and What Does","Laser hair removal needs pigment to work, so white and grey hairs don't respond. How electrolysis treats them one follicle at a time, and what to expect.",153,https://www.kezza.co.in/blog/why-laser-cant-remove-white-hair/,"index, follow, max-image-preview:large, max-snippet:-1, max-video-preview:-1","BlogPosting, BreadcrumbList, FAQPage, MedicalOrganization, WebPage, WebSite","Home > Blog > Why Laser Can't Remove White Hair, and What Does","Home > Blog > Why Laser Can't Remove White Hair, and What Does",10,0,15,27,1398,yes,none found,linked
https://www.kezza.co.in/botox/,botox/index.html,Skin,Botox (Anti-Wrinkle Injections),,jaipur,review,no,botox treatment in jaipur,anti-wrinkle injections; forehead lines treatment; jaw slimming botox,Botox in Jaipur: Anti-Wrinkle Injections | Kezza Clinic,55,Botox in Jaipur | Anti-Wrinkle Injections,"Botox (botulinum toxin) anti-wrinkle injections at Kezza Clinic, Jaipur: areas treated, who it suits, when results show, how long they last and side effects.",157,https://www.kezza.co.in/botox/,"noindex, follow","BreadcrumbList, FAQPage, MedicalOrganization, MedicalProcedure, MedicalWebPage, WebSite",Home > Skin Services > Botox (Anti-Wrinkle Injections),Home > Skin Services > Botox (Anti-Wrinkle Injections),0,0,7,27,1586,no,none found,linked
https://www.kezza.co.in/branches.html,branches.html,,Franchise,,,published,yes,hair and skin clinic franchise rajasthan,kezza franchise,Hair & Skin Clinic Franchise in Rajasthan | Kezza Clinic,56,Own & Scale With India's Leading Medical Aesthetics Network,"Partner with Kezza Hair & Skin Clinic: franchise support, doctor and staff training and clinic set-up, plus our clinics in Jaipur, Sikar and Ajmer.",147,https://www.kezza.co.in/branches.html,"index, follow, max-image-preview:large, max-snippet:-1, max-video-preview:-1","BreadcrumbList, MedicalClinic, MedicalOrganization, WebPage, WebSite",,Home > Franchise,2,43,6,23,788,yes,none found,linked
https://www.kezza.co.in/contact.html,contact.html,,Contact,,,published,yes,kezza clinic contact number,book consultation kezza,Book a Consultation | Contact Kezza Clinic Jaipur,49,Book a Consultation or Ask a Question,"Book a consultation at Kezza Hair & Skin Clinic in Jaipur, Sikar or Ajmer by phone, WhatsApp or online form. Open 9 AM to 8 PM, all 7 days.",139,https://www.kezza.co.in/contact.html,"index, follow, max-image-preview:large, max-snippet:-1, max-video-preview:-1","BreadcrumbList, ContactPage, FAQPage, MedicalClinic, MedicalOrganization, WebSite",,Home > Contact,38,43,5,23,592,yes,none found,linked
https://www.kezza.co.in/cryolipolysis/,cryolipolysis/index.html,Weight Loss,Cryolipolysis (Fat Freezing),,"jaipur, sikar",review,no,cryolipolysis in jaipur,fat freezing jaipur; belly fat freezing; love handles treatment,Cryolipolysis (Fat Freezing) in Jaipur | Kezza Clinic,53,Cryolipolysis in Jaipur | Non-Surgical Fat Freezing,"Cryolipolysis (fat freezing) at Kezza Clinic, Jaipur and Sikar: how it works, treatment areas, who it suits, results timeline, side effects and aftercare.",154,https://www.kezza.co.in/cryolipolysis/,"noindex, follow","BreadcrumbList, FAQPage, MedicalOrganization, MedicalProcedure, MedicalWebPage, WebSite",Home > Weight Loss > Cryolipolysis (Fat Freezing),Home > Weight Loss > Cryolipolysis (Fat Freezing),0,0,7,27,1845,no,none found,linked
https://www.kezza.co.in/dark-circles-treatment/,dark-circles-treatment/index.html,Skin,Dark Circles Treatment,,jaipur,review,no,dark circles treatment in jaipur,under eye dark circles; tear trough filler; under eye pigmentation,Dark Circles Treatment in Jaipur | Kezza Clinic,47,Dark Circles Treatment in Jaipur | Treating the Cause,"Dark circles treatment at Kezza Clinic, Jaipur: finding the cause (pigment, hollows or thin skin), then peels, laser toning, fillers and simple home care.",154,https://www.kezza.co.in/dark-circles-treatment/,"noindex, follow","BreadcrumbList, FAQPage, MedicalOrganization, MedicalTherapy, MedicalWebPage, WebSite",Home > Skin Services > Dark Circles Treatment,Home > Skin Services > Dark Circles Treatment,0,0,7,27,1550,no,none found,linked
https://www.kezza.co.in/electrolysis.html,electrolysis.html,Hair,Electrolysis,,jaipur,published,yes,electrolysis hair removal in jaipur,permanent hair removal; electrolysis for facial hair,Electrolysis Hair Removal in Jaipur | Kezza Clinic,50,Clinical Medical Electrolysis for Permanent Hair Removal in Jaipur,"Doctor-led medical electrolysis for permanent hair removal in Jaipur. Effective on white, grey and blonde hair for all skin types. Book your consultation.",154,https://www.kezza.co.in/electrolysis.html,"index, follow, max-image-preview:large, max-snippet:-1, max-video-preview:-1","BreadcrumbList, FAQPage, MedicalOrganization, MedicalProcedure, MedicalWebPage, WebSite",Home > Hair Services > Electrolysis,Home > Hair Services > Electrolysis,5,43,3,23,1681,yes,none found,linked
https://www.kezza.co.in/face-scanner.html,face-scanner.html,,AI Skin & Hair Scanner,,,published,yes,free ai skin analysis,ai hair analysis; online skin test,Free AI Skin & Hair Scanner | Kezza Clinic,42,AI Skin & Hair Assessment,"Free AI face and scalp check from Kezza Clinic. Answer 9 quick steps, get a preliminary assessment and be matched with the right specialist.",140,https://www.kezza.co.in/face-scanner.html,"index, follow, max-image-preview:large, max-snippet:-1, max-video-preview:-1","BreadcrumbList, MedicalOrganization, WebApplication, WebPage, WebSite",,Home > AI Skin & Hair Scanner,43,43,1,23,660,yes,none found,linked
https://www.kezza.co.in/gfc-treatment/,gfc-treatment/index.html,Hair,GFC Hair Treatment,,"jaipur, sikar",published,yes,gfc hair treatment in jaipur,growth factor concentrate; gfc vs prp; gfc sessions,GFC Hair Treatment in Jaipur | Kezza Clinic,43,GFC Hair Treatment in Jaipur | Growth Factor Concentrate,"GFC (growth factor concentrate) hair treatment in Jaipur and Sikar: how it works, GFC vs PRP, number of sessions, who it suits and what results to expect.",154,https://www.kezza.co.in/gfc-treatment/,"index, follow, max-image-preview:large, max-snippet:-1, max-video-preview:-1","BreadcrumbList, FAQPage, MedicalOrganization, MedicalProcedure, MedicalWebPage, Person, WebSite",Home > Hair Services > GFC Hair Treatment,Home > Hair Services > GFC Hair Treatment,14,43,13,26,1761,yes,none found,linked
https://www.kezza.co.in/hair-loss-consultation.html,hair-loss-consultation.html,Hair,Hair Loss Consultation,,"jaipur, sikar, ajmer",published,yes,hair fall treatment in jaipur,hair specialist jaipur; hair loss treatment jaipur; trichoscopy,Hair Fall & Hair Loss Treatment in Jaipur | Kezza Clinic,56,Advanced Clinical Hair Loss Treatment & Restoration in Jaipur,"Hair fall or thinning? See a hair specialist in Jaipur for a trichoscopy scalp check, Norwood staging and a doctor-led plan: PRP, GFC, medicine or transplant.",158,https://www.kezza.co.in/hair-loss-consultation.html,"index, follow, max-image-preview:large, max-snippet:-1, max-video-preview:-1","BreadcrumbList, FAQPage, MedicalOrganization, MedicalProcedure, MedicalWebPage, WebSite",Home > Hair Services > Hair Loss Treatment & Restoration,Home > Hair Services > Hair Loss Treatment & Restoration,11,43,4,22,1103,yes,none found,linked
https://www.kezza.co.in/hair-services.html,hair-services.html,Hair,Hair Services,,,published,yes,hair treatment in jaipur,hair clinic jaipur; hair loss treatments,"Hair Treatment in Jaipur: Transplant, PRP, GFC | Kezza",54,"Premium Hair Restoration Treatments in Jaipur for Natural, Permanent & High-Density Results","Hair treatments at Kezza Clinic: FUE and DHI transplant, beard and eyebrow transplant, PRP, GFC, hair wigs and white hair removal in Jaipur, Sikar and Ajmer.",157,https://www.kezza.co.in/hair-services.html,"index, follow, max-image-preview:large, max-snippet:-1, max-video-preview:-1","BreadcrumbList, FAQPage, MedicalOrganization, MedicalWebPage, WebSite",,Home > Hair Services,16,40,10,23,1858,yes,none found,linked
https://www.kezza.co.in/hair-transplant/beard/,hair-transplant/beard/index.html,Hair,Beard Transplant,Hair Transplant,"jaipur, sikar, ajmer",published,yes,beard transplant in jaipur,moustache transplant; patchy beard treatment; beard transplant recovery,Beard Transplant in Jaipur | Kezza Clinic,41,Beard Transplant in Jaipur | Fuller Beard & Moustache,"Beard and moustache transplant at Kezza Clinic in Jaipur, Sikar and Ajmer: fill patchy areas with your own hair. Procedure, recovery and when you see results.",158,https://www.kezza.co.in/hair-transplant/beard/,"index, follow, max-image-preview:large, max-snippet:-1, max-video-preview:-1","BreadcrumbList, FAQPage, MedicalOrganization, MedicalProcedure, MedicalWebPage, Person, WebSite",Home > Hair Services > Hair Transplant > Beard Transplant,Home > Hair Services > Hair Transplant > Beard Transplant,8,43,14,26,1884,yes,none found,linked
https://www.kezza.co.in/hair-transplant/dhi/,hair-transplant/dhi/index.html,Hair,DHI Hair Transplant,Hair Transplant,jaipur,published,yes,dhi hair transplant in jaipur,direct hair implantation; choi implanter pen; dhi vs fue,DHI Hair Transplant in Jaipur | Kezza Clinic,44,DHI Hair Transplant in Jaipur | Direct Hair Implantation,"DHI hair transplant at Kezza Clinic, Jaipur: implanter-pen placement for hairlines and dense packing, how it differs from FUE, who it suits and recovery.",153,https://www.kezza.co.in/hair-transplant/dhi/,"index, follow, max-image-preview:large, max-snippet:-1, max-video-preview:-1","BreadcrumbList, FAQPage, MedicalOrganization, MedicalProcedure, MedicalWebPage, Person, WebSite",Home > Hair Services > Hair Transplant > DHI Hair Transplant,Home > Hair Services > Hair Transplant > DHI Hair Transplant,10,43,14,26,1770,yes,none found,linked
https://www.kezza.co.in/hair-transplant/eyebrow/,hair-transplant/eyebrow/index.html,Hair,Eyebrow Transplant,Hair Transplant,"jaipur, sikar, ajmer",published,yes,eyebrow transplant in jaipur,eyebrow hair transplant; thin eyebrows treatment; eyebrow transplant vs microblading,Eyebrow Transplant in Jaipur | Kezza Clinic,43,"Eyebrow Transplant in Jaipur | Natural, Fuller Brows","Eyebrow transplant at Kezza Clinic, Jaipur: single-hair grafts placed at the natural angle to rebuild thin or over-plucked brows. Procedure, recovery and care.",159,https://www.kezza.co.in/hair-transplant/eyebrow/,"index, follow, max-image-preview:large, max-snippet:-1, max-video-preview:-1","BreadcrumbList, FAQPage, MedicalOrganization, MedicalProcedure, MedicalWebPage, Person, WebSite",Home > Hair Services > Hair Transplant > Eyebrow Transplant,Home > Hair Services > Hair Transplant > Eyebrow Transplant,8,43,13,26,1693,yes,none found,linked
https://www.kezza.co.in/hair-transplant/fue/,hair-transplant/fue/index.html,Hair,FUE Hair Transplant,Hair Transplant,"jaipur, sikar, ajmer",published,yes,fue hair transplant in jaipur,follicular unit extraction; fue recovery; sapphire fue,FUE Hair Transplant in Jaipur | Kezza Clinic,44,FUE Hair Transplant in Jaipur | Follicular Unit Extraction,"Doctor-led FUE hair transplant in Jaipur, Sikar and Ajmer: how follicle-by-follicle extraction works, who it suits, recovery and when you see results.",150,https://www.kezza.co.in/hair-transplant/fue/,"index, follow, max-image-preview:large, max-snippet:-1, max-video-preview:-1","BreadcrumbList, FAQPage, MedicalOrganization, MedicalProcedure, MedicalWebPage, Person, WebSite",Home > Hair Services > Hair Transplant > FUE Hair Transplant,Home > Hair Services > Hair Transplant > FUE Hair Transplant,14,43,18,26,2134,yes,none found,linked
https://www.kezza.co.in/hair-transplant/,hair-transplant/index.html,Hair,Hair Transplant,,"jaipur, sikar, ajmer",published,yes,hair transplant in jaipur,hair transplant clinic jaipur; hair transplant results timeline; fue vs fut vs dhi,Hair Transplant in Jaipur | Kezza Hair & Skin Clinic,52,Hair Transplant in Jaipur | Follicular Restoration,"Doctor-led FUE, FUT and DHI hair transplant in Jaipur, Sikar and Ajmer, with sterile suites and natural hairline design. Book a consultation.",141,https://www.kezza.co.in/hair-transplant/,"index, follow, max-image-preview:large, max-snippet:-1, max-video-preview:-1","BreadcrumbList, FAQPage, MedicalOrganization, MedicalProcedure, MedicalWebPage, WebSite",Home > Hair Services > Hair Transplant,Home > Hair Services > Hair Transplant,17,43,20,26,1364,yes,none found,linked
https://www.kezza.co.in/hair-wig.html,hair-wig.html,Hair,Hair Replacement (Wig & Patch),,jaipur,published,yes,hair wig in jaipur,hair patch jaipur; non-surgical hair replacement,Custom Hair Wig & Patch in Jaipur | Kezza Clinic,48,Custom Hair Wig & Hair Systems in Jaipur | Non-Surgical Natural Restoration,"Doctor-led custom natural hair wigs and non-surgical hair systems in Jaipur. Breathable micro-lace, invisible hairline, same-day volume. Book consultation.",155,https://www.kezza.co.in/hair-wig.html,"index, follow, max-image-preview:large, max-snippet:-1, max-video-preview:-1","BreadcrumbList, FAQPage, MedicalOrganization",Home > Hair Services > Hair Wig & Replacement,Home > Hair Services > Hair Wig & Replacement,2,43,3,25,1554,yes,none found,linked
https://www.kezza.co.in/hi/hair-transplant/,hi/hair-transplant/index.html,Hair,हेयर ट्रांसप्लांट (Hindi),,"jaipur, sikar, ajmer",published,yes,हेयर ट्रांसप्लांट जयपुर,hair transplant jaipur in hindi; हेयर ट्रांसप्लांट खर्च,जयपुर में हेयर ट्रांसप्लांट: FUE और DHI | Kezza Clinic,54,जयपुर में हेयर ट्रांसप्लांट | FUE और DHI,"केज़ा क्लिनिक (जयपुर, सीकर, अजमेर) में डॉक्टर द्वारा हेयर ट्रांसप्लांट: FUE और DHI तकनीक, कौन करवा सकता है, खर्च किन बातों पर निर्भर है, रिकवरी और नतीजे।",153,https://www.kezza.co.in/hi/hair-transplant/,"index, follow, max-image-preview:large, max-snippet:-1, max-video-preview:-1","BreadcrumbList, FAQPage, MedicalOrganization, MedicalProcedure, MedicalWebPage, Person, WebSite",होम > हेयर सर्विसेज़ > हेयर ट्रांसप्लांट,होम > हेयर सर्विसेज़ > हेयर ट्रांसप्लांट,1,0,18,27,1879,yes,none found,linked
https://www.kezza.co.in/hifu-body-sculpting/,hifu-body-sculpting/index.html,Weight Loss,HIFU Body Sculpting,,"jaipur, sikar",review,no,hifu body sculpting in jaipur,hifu fat reduction; hifu belly; non-surgical body tightening,HIFU Body Sculpting in Jaipur | Kezza Clinic,44,HIFU Body Sculpting in Jaipur | Focused Ultrasound,"HIFU body sculpting at Kezza Clinic, Jaipur and Sikar: how focused ultrasound targets fat, who it suits, the results timeline, side effects and aftercare.",154,https://www.kezza.co.in/hifu-body-sculpting/,"noindex, follow","BreadcrumbList, FAQPage, MedicalOrganization, MedicalProcedure, MedicalWebPage, WebSite",Home > Weight Loss > HIFU Body Sculpting,Home > Weight Loss > HIFU Body Sculpting,0,0,9,27,1593,no,none found,linked
https://www.kezza.co.in/hydra-facial/,hydra-facial/index.html,Skin,Hydra Facial,,"jaipur, sikar",review,no,hydra facial in jaipur,medical facial jaipur; hydradermabrasion; facial for oily skin,Hydra Facial in Jaipur | Kezza Clinic,37,"Hydra Facial in Jaipur | Cleanse, Exfoliate & Hydrate","Hydra facial (hydradermabrasion) at Kezza Clinic, Jaipur and Sikar: the steps, who it suits, what it can and cannot do, how often to have it and aftercare.",155,https://www.kezza.co.in/hydra-facial/,"noindex, follow","BreadcrumbList, FAQPage, MedicalOrganization, MedicalProcedure, MedicalWebPage, WebSite",Home > Skin Services > Hydra Facial,Home > Skin Services > Hydra Facial,0,0,9,27,1546,no,none found,linked
https://www.kezza.co.in/,index.html,,Home,,,published,yes,hair transplant & skin clinic in jaipur,kezza clinic; hair and skin clinic jaipur,Hair Transplant & Skin Clinic in Jaipur | Kezza Clinic,54,"Advanced Hair & Skin Clinic in Jaipur, Sikar & Ajmer","Doctor-led FUE & DHI hair transplant, PRP/GFC, skin and laser care, permanent makeup and body contouring at Kezza clinics in Jaipur, Sikar and Ajmer.",149,https://www.kezza.co.in/,"index, follow, max-image-preview:large, max-snippet:-1, max-video-preview:-1","FAQPage, MedicalClinic, MedicalOrganization, WebPage, WebSite",,,32,43,16,23,2169,yes,none found,linked
https://www.kezza.co.in/laser-hair-removal/,laser-hair-removal/index.html,Skin,Laser Hair Removal,,"jaipur, sikar",published,yes,laser hair removal in jaipur,laser hair removal sikar; laser hair reduction; full body laser hair removal,Laser Hair Removal in Jaipur | Kezza Clinic,43,Laser Hair Removal in Jaipur | Long-Term Hair Reduction,"Laser hair removal at Kezza Clinic in Jaipur and Sikar: triple-wavelength laser for Indian skin, number of sessions, preparation, side effects and aftercare.",157,https://www.kezza.co.in/laser-hair-removal/,"index, follow, max-image-preview:large, max-snippet:-1, max-video-preview:-1","BreadcrumbList, FAQPage, MedicalOrganization, MedicalProcedure, MedicalWebPage, Person, WebSite",Home > Skin Services > Laser Hair Removal,Home > Skin Services > Laser Hair Removal,6,43,10,26,1853,yes,none found,linked
https://www.kezza.co.in/lip-blush/,lip-blush/index.html,Permanent Makeup,Lip Blush & Lip Neutralization,,"jaipur, sikar",review,no,lip blush in jaipur,lip neutralization; lip tint permanent makeup; dark lips pmu,Lip Blush in Jaipur | Kezza Clinic,34,Lip Blush in Jaipur | Lip Tint & Neutralization,"Lip blush and lip neutralization at Kezza Clinic, Jaipur and Sikar: how lip PMU works, who it suits, healing stages, cold sore precautions and aftercare.",153,https://www.kezza.co.in/lip-blush/,"noindex, follow","BreadcrumbList, FAQPage, MedicalOrganization, Service, WebPage, WebSite",Home > Permanent Makeup > Lip Blush & Lip Neutralization,Home > Permanent Makeup > Lip Blush & Lip Neutralization,0,0,8,27,1664,no,none found,linked
https://www.kezza.co.in/locations/ajmer/,locations/ajmer/index.html,,Kezza Ajmer,,ajmer,published,yes,hair transplant and skin clinic in ajmer,hair clinic ajmer; facial aesthetics ajmer,Hair Transplant & Skin Clinic in Ajmer | Kezza Clinic,53,"Hair Transplant & Skin Clinic in Ajmer | Kezza, Shastri Nagar","Kezza Hair & Skin Clinic, Oasis Complex, Shastri Nagar, Ajmer: hair transplant and facial aesthetics with Dr. Aliza Rizvi. Open 9 AM–8 PM, all 7 days.",150,https://www.kezza.co.in/locations/ajmer/,"index, follow, max-image-preview:large, max-snippet:-1, max-video-preview:-1","BreadcrumbList, FAQPage, MedicalClinic, MedicalOrganization, Person, WebPage, WebSite",Home > Our Clinics > Ajmer,Home > Our Clinics > Ajmer,28,29,13,26,856,yes,none found,linked
https://www.kezza.co.in/locations/,locations/index.html,,Our Clinics,,,published,yes,kezza clinic locations,kezza clinic near me,"Our Clinics in Jaipur, Sikar & Ajmer | Kezza Clinic",51,"Kezza Clinics in Jaipur, Sikar & Ajmer","Find Kezza Hair & Skin Clinic near you: addresses, phone numbers, timings, doctors and directions for our Jaipur, Sikar and Ajmer clinics.",138,https://www.kezza.co.in/locations/,"index, follow, max-image-preview:large, max-snippet:-1, max-video-preview:-1","BreadcrumbList, CollectionPage, FAQPage, MedicalClinic, MedicalOrganization, WebSite",Home > Our Clinics,Home > Our Clinics,4,43,7,26,680,yes,none found,linked
https://www.kezza.co.in/locations/jaipur/,locations/jaipur/index.html,,Kezza Jaipur,,jaipur,published,yes,hair and skin clinic in khatipura jaipur,kezza clinic jaipur address; hair clinic vaishali nagar jhotwara,"Hair & Skin Clinic in Jaipur, Khatipura | Kezza Clinic",54,"Hair & Skin Clinic in Khatipura, Jaipur | Kezza, Sirsi Road","Kezza Hair & Skin Clinic on Sirsi Road, Khatipura, Jaipur: hair transplant, PRP/GFC, skin and laser care and PMU. Open 9 AM–8 PM, all 7 days.",141,https://www.kezza.co.in/locations/jaipur/,"index, follow, max-image-preview:large, max-snippet:-1, max-video-preview:-1","BreadcrumbList, FAQPage, MedicalClinic, MedicalOrganization, Person, WebPage, WebSite",Home > Our Clinics > Jaipur,Home > Our Clinics > Jaipur,30,29,21,26,1039,yes,none found,linked
https://www.kezza.co.in/locations/sikar/,locations/sikar/index.html,,Kezza Sikar,,sikar,published,yes,hair transplant and skin clinic in sikar,laser hair removal sikar; skin clinic sikar,Hair Transplant & Skin Clinic in Sikar | Kezza Clinic,53,"Hair Transplant & Skin Clinic in Sikar | Kezza, Silver Jubilee Road","Kezza Hair & Skin Clinic, Silver Jubilee Road, Sikar (opp. S.K. Hospital): hair transplant, PRP/GFC, skin and laser care. Open 9 AM–8 PM daily.",143,https://www.kezza.co.in/locations/sikar/,"index, follow, max-image-preview:large, max-snippet:-1, max-video-preview:-1","BreadcrumbList, FAQPage, MedicalClinic, MedicalOrganization, Person, WebPage, WebSite",Home > Our Clinics > Sikar,Home > Our Clinics > Sikar,30,29,18,26,909,yes,none found,linked
https://www.kezza.co.in/microblading/,microblading/index.html,Permanent Makeup,Microblading & Eyebrow PMU,,"jaipur, sikar",review,no,microblading in jaipur,eyebrow permanent makeup; ombre powder brows; hybrid brows,Microblading & Eyebrow PMU in Jaipur | Kezza Clinic,51,Microblading in Jaipur | Eyebrow PMU & Hybrid Brows,"Microblading and eyebrow PMU at Kezza Clinic, Jaipur and Sikar: hair-stroke, powder and hybrid brows, who it suits, healing, touch-ups and aftercare.",149,https://www.kezza.co.in/microblading/,"noindex, follow","BreadcrumbList, FAQPage, MedicalOrganization, Service, WebPage, WebSite",Home > Permanent Makeup > Microblading & Eyebrow PMU,Home > Permanent Makeup > Microblading & Eyebrow PMU,0,0,8,27,1859,no,none found,linked
https://www.kezza.co.in/permanent-eyeliner/,permanent-eyeliner/index.html,Permanent Makeup,Permanent Eyeliner,,"jaipur, sikar",review,no,permanent eyeliner in jaipur,lash enhancement; eyeliner tattoo; smudge-proof eyeliner,Permanent Eyeliner in Jaipur | Kezza Clinic,43,Permanent Eyeliner in Jaipur | Lash Enhancement & Soft Lines,"Permanent eyeliner and lash enhancement at Kezza Clinic, Jaipur and Sikar: styles, who it suits, eye safety, healing, touch-ups and aftercare.",142,https://www.kezza.co.in/permanent-eyeliner/,"noindex, follow","BreadcrumbList, FAQPage, MedicalOrganization, Service, WebPage, WebSite",Home > Permanent Makeup > Permanent Eyeliner,Home > Permanent Makeup > Permanent Eyeliner,0,0,7,27,1585,no,none found,linked
https://www.kezza.co.in/permanent-makeup.html,permanent-makeup.html,Permanent Makeup,Permanent Makeup,,,published,yes,permanent makeup in jaipur,pmu jaipur; cosmetic tattoo jaipur,Microblading & Permanent Makeup in Jaipur | Kezza Clinic,56,"Permanent Makeup at Kezza Clinic, Jaipur","Microblading, ombre brows, lip blush and permanent eyeliner by Kezza Clinic's PMU team in Jaipur and Sikar, with numbing for comfort and aftercare support.",155,https://www.kezza.co.in/permanent-makeup.html,"index, follow, max-image-preview:large, max-snippet:-1, max-video-preview:-1","BreadcrumbList, FAQPage, MedicalOrganization, WebPage, WebSite",,Home > Permanent Makeup,7,43,5,22,1815,yes,none found,linked
https://www.kezza.co.in/pmu-correction/,pmu-correction/index.html,Permanent Makeup,PMU Correction,,"jaipur, sikar",review,no,pmu correction in jaipur,microblading correction; faded eyebrow tattoo; eyebrow tattoo colour correction,PMU Correction in Jaipur | Kezza Clinic,39,PMU Correction in Jaipur | Fixing Old Permanent Makeup,"Permanent makeup correction at Kezza Clinic, Jaipur and Sikar: fixing faded, discoloured or uneven brows, eyeliner and lips, and when lightening comes first.",157,https://www.kezza.co.in/pmu-correction/,"noindex, follow","BreadcrumbList, FAQPage, MedicalOrganization, Service, WebPage, WebSite",Home > Permanent Makeup > PMU Correction,Home > Permanent Makeup > PMU Correction,0,0,9,27,1667,no,none found,linked
https://www.kezza.co.in/prp-therapy.html,prp-therapy.html,Hair,PRP Hair Treatment,,"jaipur, sikar",published,yes,prp hair treatment in jaipur,prp for hair loss; prp sessions; prp vs gfc,PRP Hair Treatment in Jaipur | Kezza Clinic,43,Autologous Platelet-Rich Plasma (PRP) Therapy in Jaipur,"Doctor-led PRP hair treatment for thinning hair in Jaipur: how PRP works, how many sessions you need, when results appear and how it compares with GFC.",151,https://www.kezza.co.in/prp-therapy.html,"index, follow, max-image-preview:large, max-snippet:-1, max-video-preview:-1","BreadcrumbList, FAQPage, MedicalOrganization, MedicalProcedure, MedicalWebPage, WebSite",,Home > Hair Services > PRP & GFC Therapy,17,43,5,23,1839,yes,none found,linked
https://www.kezza.co.in/skin-services.html,skin-services.html,Skin,Skin Services,,,published,yes,skin specialist in jaipur,skin clinic jaipur; skin treatments,Skin Specialist & Laser Treatment in Jaipur | Kezza Clinic,58,"Precision Skin Aesthetics for Radiant, Clear & Youthful Skin","Skin specialists at Kezza Clinic for acne and scars, pigmentation, anti-ageing, Botox, medical facials and laser hair removal in Jaipur, Sikar and Ajmer.",153,https://www.kezza.co.in/skin-services.html,"index, follow, max-image-preview:large, max-snippet:-1, max-video-preview:-1","BreadcrumbList, FAQPage, MedicalOrganization, MedicalWebPage, WebSite",,Home > Skin Services,13,43,8,23,1703,yes,none found,linked
https://www.kezza.co.in/terms.html,terms.html,,Terms & Privacy,,,published,yes,kezza clinic terms,,"Terms, Privacy Policy & Disclaimer | Kezza Clinic",49,Terms & Conditions,"Terms of use, privacy policy and medical disclaimer for Kezza Hair & Skin Clinic, with clinics in Jaipur, Sikar and Ajmer, Rajasthan.",133,https://www.kezza.co.in/terms.html,"index, follow, max-image-preview:large, max-snippet:-1, max-video-preview:-1","BreadcrumbList, MedicalOrganization, WebPage, WebSite",,Home > Terms & Privacy,1,42,2,23,875,yes,none found,linked
https://www.kezza.co.in/weight-loss.html,weight-loss.html,Weight Loss,Weight Loss,,,published,yes,non-surgical weight loss in jaipur,body sculpting jaipur; inch loss treatment,Non-Surgical Weight Loss & Body Sculpting in Jaipur | Kezza,59,Non-Surgical Weight Loss & Body Sculpting,"Cryolipolysis fat freezing, HIFU body sculpting and double-chin reduction under doctor supervision at Kezza Clinic in Jaipur and Sikar.",135,https://www.kezza.co.in/weight-loss.html,"index, follow, max-image-preview:large, max-snippet:-1, max-video-preview:-1","BreadcrumbList, FAQPage, MedicalOrganization, MedicalWebPage, WebSite",,Home > Weight Loss & Body Sculpting,5,43,7,22,986,yes,none found,linked
https://www.kezza.co.in/weight-management/,weight-management/index.html,Weight Loss,Medical Weight Management,,"jaipur, sikar",review,no,medical weight management in jaipur,weight loss doctor jaipur; diet and metabolic care; doctor supervised weight loss,Medical Weight Management in Jaipur | Kezza Clinic,50,Medical Weight Management in Jaipur | Doctor-Supervised Plans,"Doctor-supervised weight management at Kezza Clinic, Jaipur and Sikar: a health check, an eating and activity plan, follow-up and where body contouring fits.",157,https://www.kezza.co.in/weight-management/,"noindex, follow","BreadcrumbList, FAQPage, MedicalOrganization, MedicalTherapy, MedicalWebPage, WebSite",Home > Weight Loss > Medical Weight Management,Home > Weight Loss > Medical Weight Management,0,0,8,27,1541,no,none found,linked
https://www.kezza.co.in/white-hair-removal.html,white-hair-removal.html,Hair,White & Grey Hair Removal,,jaipur,published,yes,white hair removal in jaipur,grey hair removal; remove white facial hair permanently,White & Grey Hair Removal in Jaipur | Kezza Clinic,50,Permanent White & Grey Hair Removal in Jaipur Laser-Proof. Doctor-Led. Permanent.,"Laser can't target white or grey hair. Kezza Clinic in Jaipur uses doctor-led electrolysis to treat white, grey and blonde hair one follicle at a time.",151,https://www.kezza.co.in/white-hair-removal.html,"index, follow, max-image-preview:large, max-snippet:-1, max-video-preview:-1","BreadcrumbList, FAQPage, MedicalOrganization, MedicalProcedure, MedicalWebPage, WebSite",,Home > Hair Services > White Hair Removal,6,43,2,23,1698,yes,none found,linked
